session,perf
2101,0.175993672
2102,0.43211416
2103,0.08229426
2104,0.19132724
2105,0.14062067
2106,0.46993627
2107,0.827376
2108,0.13632585
2109,0
2110,0.77985592
2111,0.95123303
2112,0.35979496
2113,0.91174841
2114,0.06927127
2115,0.13854253
2116,0.52022721
2117,1
2118,0.37669715