session,perf
211,0.175993672137631
212,0.2754597587502470
213,0.14020170061301200
214,0.6333794739964410
215,1.0
216,0.23413090765275900
217,0.0
218,0.0
219,0.00019774569903104600
2110,0.2889064662843580
2111,0.0
2112,0.3318172829740950
2113,0.5125568518884710
2114,0.45204666798497100
2115,0.07000197745699030
2116,0.0
2117,0.0
2118,0.5604113110539850