,SS,DS,BS,FS,QS,SD,DD,BD,FD,QD,SB,DB,BB,FB,QB,SF,DF,BF,FF,QF,SQ,DQ,BQ,FQ,QQ
0,0.5192699687869856,0.516173725597296,0.991511645620127,0.6345580096254083,0.6599027252988766,0.557286054067294,0.48536923261333964,0.0015900605554090542,0.26531704403712014,0.0858121273660779,0.5232270544646145,0.5189381041578811,0.5157566793619122,0.669464261212242,0.8880035567129452,0.41730006349021814,0.5412547770675494,0.34015074840547604,0.508692559544684,0.8885162509130622,0.395347883379119,0.41559254162952386,0.042512514283225486,0.8936385414897751,0.5143674798211321
