,SS,DS,BS,FS,QS,SD,DD,BD,FD,QD,SB,DB,BB,FB,QB,SF,DF,BF,FF,QF,SQ,DQ,BQ,FQ,QQ
0,0.4143285794646833,0.4865283388090468,0.367486436620323,0.9289262822023822,0.31968093407881365,0.1862111500932565,0.48351345504578735,0.5273671370086117,0.5246623900855305,0.28481642025668197,0.31515179550725103,0.4871626516640554,0.48940400196959183,0.5329475892035688,0.1540070393202998,0.2842921006866549,0.4971275094073974,0.5418373728616998,0.4993713322037058,0.0783182897662924,0.2984060741968916,0.7650677268371735,0.5214820929284231,0.999980363625285,0.48748276332718793
