,mission,perf
0,-1,0.008
1,-2,0.0
2,-3,1.0
3,-4,0.976
4,-5,0.972
5,-6,0.952
6,-7,0.0
7,-8,0.151
8,1,0.175993672137631
9,2,0.2754597587502472
10,3,0.14020170061301165
11,4,0.6333794739964406
12,5,1.0
13,6,0.23413090765275854
14,7,0.0
15,8,0.0
16,9,0.00019774569903104609
17,10,0.2889064662843583
18,11,0.0
19,12,0.3318172829740953
20,13,0.5125568518884714
21,14,0.45204666798497134
22,15,0.07000197745699031
23,16,0.0
24,17,0.0
25,18,0.5604113110539846
