,mission,perf
0,1901,0.008
1,1902,0
2,1903,1
3,1904,0.976
4,1905,0.972
5,1906,0.952
6,1907,0
7,1908,0.151
8,211,0.175993672
9,212,0.43211416
10,213,0.08229426
11,214,0.19132724
12,215,0.14062067
13,216,0.46993627
14,217,0.827376
15,218,0.13632585
16,219,0
17,2110,0.77985592
18,2111,0.95123303
19,2112,0.35979496
20,2113,0.91174841
21,2114,0.06927127
22,2115,0.13854253
23,2116,0.52022721
24,2117,1
25,2118,0.37669715